,mota,motp,idf1,mostly_tracked,mostly_lost
full,0.8369929289170078,10605.97348343878,0.9962640099626401,12,0
